<?xml version="1.0" encoding="UTF-8" standalone="no"?>

<gep name="GateH" title="Provides APIs to protect critical sections when an IGate.Handle is
  available" version="1">

<page name="Module" title="Module Settings">
<html><body><table>
  <tr>
      <td><form>
        <p>An application can isolate itself from IGate implementations by using this module.
		   The application must first obtain an IGate.Handle. It can get such a handle by directly
		   calling <a href="http://rtsc.eclipse.org/cdoc-tip/index.html#xdc/runtime/knl/GateThread.html#per-instance_creation"> GateThread.create </a>
		   or
		   <a href="http://rtsc.eclipse.org/cdoc-tip/index.html#xdc/runtime/knl/GateProcess.html#per-instance_creation"> GateProcess.create. </a>
		   Then the application can use the generic APIs provided by this module.</p>
        <p> </p>
      </form></td>
  </tr>
  <tr>
    <td><control type="checkbox" label="Add GateH to my configuration" value="value:this.$used" bold="true"/></td>
  </tr>
  <tr></tr>
  <tr><td>
    <h1>Platform-specific Support</h1>
    <table>
      <tr>
        <td><control type="label" label="Gate provider"/></td>
        <td><control type="editbox" 
             enabled="value:this.$used"
             value="value:this.Proxy"
             tooltip="value:this.Proxy.$summary"/></td>
      </tr>
    </table>
  </td></tr>
</table></body></html>
</page>
</gep>

<!--
/*
 * @(#) xdc.runtime.knl; 1, 0, 0,0; 12-9-2015 17:36:58; /db/ztree/library/trees/xdc/xdc-B06/src/packages/
 */
-->

