<?xml version="1.0" encoding="UTF-8" standalone="no"?>

<gep name="Semaphore" title="Provides semaphore services when an ISemaphore.Handle is available" version="1">

<page name="Module" title="Module Settings">
<html><body><table>
  <tr>
      <td><form>
        <p>An application can isolate itself from ISemaphore implementations by using
           this module. The application must first obtain an ISemaphore.Handle.
           It make get such a handle by directly calling
           <a href="http://rtsc.eclipse.org/cdoc-tip/index.html#xdc/runtime/knl/SemThread.html#per-instance_creation"> SemThread.create </a>
           or
           <a href="http://rtsc.eclipse.org/cdoc-tip/index.html#xdc/runtime/knl/SemProcess.html#per-instance_creation"> SemProcess.create </a>
           Then the application can use the generic APIs provided by this module.</p>
        <p> </p>
      </form></td>
  </tr>
  <tr>
    <td><control type="checkbox" label="Add Semaphore to my configuration" value="value:this.$used" bold="true"/></td>
  </tr>
  <tr></tr>
  <tr><td>
    <h1>Platform-specific Support</h1>
    <table>
      <tr>
        <td><control type="label" label="Semaphore provider"/></td>
        <td><control type="editbox"
             enabled="value:this.$used"
             value="value:this.Proxy"
             tooltip="value:this.Proxy.$summary"/></td>
      </tr>
    </table>
  </td></tr>
</table></body></html>
</page>
</gep>

<!--
/*
 * @(#) xdc.runtime.knl; 1, 0, 0,0; 12-9-2015 17:36:59; /db/ztree/library/trees/xdc/xdc-B06/src/packages/
 */
-->

