<?xml version="1.0" encoding="UTF-8"?>
<!--  This file conforms to the DTD xdc/bld/build.dtd -->
<package name="xdc.rov" version="1, 0, 1" producerId="/db/ztree/library/trees/xdc/xdc-B06/src/">
    <units>
        <interface name="ISymbolTable"/>
        <interface name="ICallBack"/>
        <interface name="ICallStack"/>
        <module name="Model"/>
        <module name="Program"/>
        <module name="StructureDecoder"/>
        <module name="StateReader"/>
        <module name="ViewXml"/>
        <module name="ViewInfo"/>
        <module name="CallStack"/>
    </units>
    <sources>
    </sources>
    <configscripts>
    </configscripts>
    <makefiles>
        <srcFile name="package.mak" src="package.bld"/>
        <srcFile name="package/package.xdc.dep" src="package.xdc"/>
        <srcFile name="package/package.cfg.dep" src="package.xdc"/>
        <srcFile name="package/rel/xdc_rov.zip.dep" src="package/rel/xdc_rov.xdc.inc"/>
    </makefiles>
    <targets>
    </targets>
    <libraries>
    </libraries>
    <configurations>
    </configurations>
    <executables>
    </executables>
    <tests>
    </tests>
    <releases relDir="package/rel/">
    <release name="xdc_rov"
        pname="xdc_rov.zip"
        label="default"
        relScript="xdc/release/filters/what.rel">
        <file name="package/package.bld.xml"/>
        <file name="package/build.cfg"/>
        <file name="package/package.xdc.inc"/>
        <file name="java/package.jar"/>
        <file name="package/package.cfg.xdc.inc"/>
    </release>
    </releases>
    <repositories>
    </repositories>
</package>
