<?xml version="1.0" encoding="UTF-8"?>
<!--  This file conforms to the DTD xdc/bld/build.dtd -->
<package name="xdc.tools.cdoc" version="1, 0, 0" producerId="/db/ztree/library/trees/xdc/xdc-B06/src/">
    <units>
        <module name="Main"/>
        <module name="Markup"/>
        <module name="Example"/>
    </units>
    <sources>
    </sources>
    <configscripts>
    </configscripts>
    <makefiles>
        <srcFile name="package.mak" src="package.bld"/>
        <srcFile name="package/package.xdc.dep" src="package.xdc"/>
        <srcFile name="package/package.cfg.dep" src="package.xdc"/>
        <srcFile name="package/rel/xdc_tools_cdoc.zip.dep" src="package/rel/xdc_tools_cdoc.xdc.inc"/>
    </makefiles>
    <targets>
    </targets>
    <libraries>
    </libraries>
    <configurations>
    </configurations>
    <executables>
    </executables>
    <tests>
    </tests>
    <releases relDir="package/rel/">
    <release name="xdc_tools_cdoc"
        pname="xdc_tools_cdoc.zip"
        label="default"
        relScript="xdc/release/filters/what.rel">
        <file name="package/package.bld.xml"/>
        <file name="package/build.cfg"/>
        <file name="package/package.xdc.inc"/>
        <file name="Gbl.xs"/>
        <file name="Out.xs"/>
        <file name="Pkg.xs"/>
        <file name="Toc.xs"/>
        <file name="Src.xs"/>
        <file name="Txt.xs"/>
        <file name="Index.xs"/>
        <file name="Big.xs"/>
        <file name="Xml.xs"/>
        <file name="files"/>
        <file name="doc-files"/>
        <file name="package/package.cfg.xdc.inc"/>
    </release>
    </releases>
    <repositories>
    </repositories>
</package>
