<?xml version="1.0" encoding="UTF-8"?>
<!--  This file conforms to the DTD xdc/bld/build.dtd -->
<package name="xdc.tools.platformWizard.memoryMap" version="" producerId="/db/ztree/library/trees/xdctools/xdctools-g03x/src/">
    <units>
        <module name="Main"/>
    </units>
    <sources>
    </sources>
    <configscripts>
    </configscripts>
    <makefiles>
        <srcFile name="package.mak" src="package.bld"/>
        <srcFile name="package/package.xdc.dep" src="package.xdc"/>
        <srcFile name="package/package.cfg.dep" src="package.xdc"/>
        <srcFile name="package/rel/xdc_tools_platformWizard_memoryMap.tar.dep" src="package/rel/xdc_tools_platformWizard_memoryMap.xdc.inc"/>
    </makefiles>
    <targets>
    </targets>
    <libraries>
    </libraries>
    <configurations>
    </configurations>
    <executables>
    </executables>
    <tests>
    </tests>
    <releases relDir="package/rel/">
    <release name="xdc_tools_platformWizard_memoryMap"
        pname="../../../..//../exports/xdc_tools_platformWizard_memoryMap.tar"
        label="default"
        relScript="tisb/release/filters/copyright.rel">
        <file name="package/package.bld.xml"/>
        <file name="package/build.cfg"/>
        <file name="package/package.xdc.inc"/>
        <file name="package/package.cfg.xdc.inc"/>
    </release>
    </releases>
    <repositories>
    </repositories>
</package>
