<?xml version="1.0" encoding="UTF-8" standalone="no"?>

<gep name="GateThreadSupportNull" title="Empty IGateThreadSupport implementation" version="1">

<page name="Module" title="Module Settings">
<html><body><table>
  <tr>
      <td><form>
        <p>Empty <a href="http://rtsc.eclipse.org/cdoc-tip/index.html#xdc/runtime/knl/IGateThreadSupport.html">IGateThreadSupport</a> implementation.</p>
        <p> </p>
      </form></td>
  </tr>
  <tr>
    <td><control type="checkbox" label="Add GateThreadSupportNull to my configuration" value="value:this.$used" bold="true"/></td>
  </tr>
</table></body></html>
</page>
</gep>

<!--
/*
 * @(#) xdc.runtime.knl; 1, 0, 0,0; 12-9-2015 17:36:59; /db/ztree/library/trees/xdc/xdc-B06/src/packages/
 */
-->

