<?xml version="1.0" encoding="UTF-8" standalone="no"?>
<!-- 
Copyright (c) 2011, Texas Instruments. All rights reserved.

This program and the accompanying materials are made available under the 
terms of the Eclipse Public License v1.0 and Eclipse Distribution License
v. 1.0 which accompanies this distribution. The Eclipse Public License is
available at http://www.eclipse.org/legal/epl-v10.html and the Eclipse
Distribution License is available at 
    http://www.eclipse.org/org/documents/edl-v10.php.

Contributors:
   Texas Instruments - initial implementation
-->

<gep name="XDC/SysMin" title="Minimal System Support" version="1">

<page name="Module" title="Module Settings">
<html><body><table>
  <tr>
    <td>
      <form>
        <p>The SysMin module provides buffer-based "back-end" support for the <a href="http://rtsc.eclipse.org/cdoc-tip/index.html#xdc/runtime/System.html">System</a> module.  This support only requires minimal ANSI C runtime support and a memory buffer large enough to hold the characters output via the System module's functions.
        </p>
        <p> </p>
      </form>
    </td>
  </tr>
  <tr><td colspan="2">
    <control type="checkbox" label="Add SysMin to my configuration" value="value:this.$used" bold="true"/></td>
  </tr>
  <tr></tr>
  <tr>
    <td>
      <h1>Output Buffer</h1>
        <table>
        <tr>
          <td><control type="label" label="Buffer size (chars)"/></td>
          <td><control type="editbox"
               enabled="value:this.$used"
               value="value:this.bufSize" 
               tooltip="value:this.bufSize.$summary"/></td>
        </tr>
        <tr>
          <td><control type="label" label="Buffer section"/></td>
          <td><control type="editbox"
               enabled="value:this.$used"
               value="value:this.sectionName" 
               tooltip="value:this.sectionName.$summary"/></td>
        </tr>
      </table>
    </td>
    <td>
      <h1>Output Options</h1>
        <table>
        <tr>
          <td><control type="label" label="Output function"/></td>
          <td><control type="editbox"
               enabled="value:this.$used"
               value="value:this.outputFxn" 
               tooltip="value:this.outputFxn.$summary"/></td>
        </tr>
        <tr>
          <td colspan="2"><control type="checkbox" 
               enabled="value:this.$used"
               label="Flush output buffer at exit"
               value="value:this.flushAtExit" 
               tooltip="value:this.flushAtExit.$summary"/></td>
        </tr>
        </table>
    </td>
  </tr>
</table></body></html>
</page>

<properties name="Advanced" title="All Options" enabled="true" visible="true" link="this"/>

</gep>
<!--
/*
 * @(#) xdc.runtime; 2, 1, 0,0; 12-9-2015 17:36:49; /db/ztree/library/trees/xdc/xdc-B06/src/packages/
 */
-->

