<?xml version="1.0" encoding="UTF-8" standalone="no"?>
<!-- 
Copyright (c) 2011, Texas Instruments. All rights reserved.

This program and the accompanying materials are made available under the 
terms of the Eclipse Public License v1.0 and Eclipse Distribution License
v. 1.0 which accompanies this distribution. The Eclipse Public License is
available at http://www.eclipse.org/legal/epl-v10.html and the Eclipse
Distribution License is available at 
    http://www.eclipse.org/org/documents/edl-v10.php.

Contributors:
   Texas Instruments - initial implementation
-->

<gep name="XDC/SysStd" title="ANSI stdio-based System Support" version="1">

<page name="Module" title="Module Settings">
<html><body><table>
  <tr>
    <td>
      <form>
        <p>The SysStd module provides "back-end" support for the <a href="http://rtsc.eclipse.org/cdoc-tip/index.html#xdc/runtime/System.html">System</a> module.  This support relies on a small set of ANSI C standard runtime functions, such as putchar() and fflush(), to handle output produced by the System module's functions.
        </p>
        <p> </p>
      </form>
    </td>
  </tr>
  <tr><td colspan="2">
    <control type="checkbox" label="Add SysStd to my configuration" value="value:this.$used" bold="true"/></td>
  </tr>
</table></body></html>
</page>

<properties name="Advanced" title="All Options" enabled="true" visible="true" link="this"/>

</gep>
<!--
/*
 * @(#) xdc.runtime; 2, 1, 0,0; 12-9-2015 17:36:49; /db/ztree/library/trees/xdc/xdc-B06/src/packages/
 */
-->

