<?xml version="1.0" encoding="UTF-8"?>
<!--  This file conforms to the DTD xdc/bld/release.dtd -->
<release name="xdc_rov_dss" label="default" date="1446996301766" buildCount="1" producerId="/db/ztree/library/trees/rov/rov-i18/src/">
<package name="xdc.rov.dss"
    version="1, 0, 0"/>
<imports>
    <package name="xdc.rov"
        version=""/>
    <package name="xdc.rta"
        version=""/>
    <package name="ti.dss"
        version=""/>
</imports>
<references>
    <package name="xdc"
        version="1, 1, 1, 1406047917404"
        providerId="xdccore">
        <file name="IPackage.xdc"/>
        <file name="IPackage.xs"/>
        <file name="Warnings.xs"/>
        <file name="om2.xs"/>
        <file name="package.xs"/>
        <file name="template.xs"/>
        <file name="utils.js"/>
        <file name="xdc.tci"/>
        <file name="xmlgen.xs"/>
        <file name="xmlgen2.xs"/>
    </package>
    <package name="xdc.services.global"
        version="1, 0, 0, 1406047959483"
        providerId="xdccore">
        <file name="Clock.xs"/>
        <file name="Trace.xs"/>
        <file name="java/package.jar"/>
    </package>
    <package name="xdc.bld"
        version="1, 0, 2, 1406047920908"
        providerId="xdccore">
        <file name="BuildEnvironment.xs"/>
        <file name="Configuration.xs"/>
        <file name="Executable.xs"/>
        <file name="ITarget.xs"/>
        <file name="ITarget2.xs"/>
        <file name="ITarget3.xs"/>
        <file name="ITargetFilter.xs"/>
        <file name="Library.xs"/>
        <file name="Manifest.xs"/>
        <file name="PackageContents.xs"/>
        <file name="Repository.xs"/>
        <file name="Script.xs"/>
        <file name="Utils.xs"/>
        <file name="_gen.xs"/>
        <file name="bld.js"/>
        <file name="package.xs"/>
    </package>
    <package name="xdc.rov"
        version="1, 0, 1, 1406047941372"
        providerId="xdccore">
        <file name="ICallBack.xdc"/>
        <file name="ISymbolTable.xdc"/>
    </package>
    <package name="xdc.shelf"
        version="1, 0, 0, 1406047995682"
        providerId="xdccore">
        <file name="java/antlr.jar"/>
        <file name="java/ecj.jar"/>
        <file name="java/js.jar"/>
        <file name="java/tar.jar"/>
    </package>
    <package name="xdc.services.intern.cmd"
        version="1, 0, 0, 1406047969301"
        providerId="xdccore">
        <file name="java/package.jar"/>
    </package>
    <package name="xdc.services.spec"
        version="1, 0, 0, 1406047979680"
        providerId="xdccore">
        <file name="java/package.jar"/>
    </package>
    <package name="xdc.services.intern.xsr"
        version="1, 0, 0, 1406047972558"
        providerId="xdccore">
        <file name="java/package.jar"/>
    </package>
    <package name="xdc.services.intern.gen"
        version="1, 0, 0, 1406047970874"
        providerId="xdccore">
        <file name="java/package.jar"/>
    </package>
    <xdcRoot base="/db/rtree/library/trees/xdcprod/xdcprod-t52/product/Linux/xdctools_3_30_04_52/">
        <file name="/packages/xdc/package.xdc"/>
        <xdcCorePkg version="16, 0, 2, 1406047931248" producerId="/db/ztree/library/trees/xdc/xdc-A46x/src/packages" buildCount="479" releaseName="xdc_corevers" label="default" date="1406047931248"/>
    </xdcRoot>
</references>
<orphans>
    <file name="/db/ztree/library/trees/rov/rov-i18/src/config.bld"/>
</orphans>
</release>
