<?xml version="1.0" encoding="UTF-8"?>
<!--  This file conforms to the DTD xdc/bld/release.dtd -->
<release name="xdc" label="default" date="1449624895255" buildCount="1" producerId="/db/ztree/library/trees/xdc/xdc-B06/src/packages">
<package name="xdc"
    version="1, 1, 1"/>
<imports>
</imports>
<references>
    <package name="xdc.services.global"
        version="1, 0, 0, 1449623983000"
        providerId="/db/ztree/library/trees/xdc/xdc-B06/src/packages">
        <file name="Clock.xs"/>
        <file name="Trace.xs"/>
    </package>
    <package name="xdc.bld"
        version="1, 0, 2, 1449623871000"
        providerId="/db/ztree/library/trees/xdc/xdc-B06/src/packages">
        <file name="BuildEnvironment.xs"/>
        <file name="Configuration.xs"/>
        <file name="Executable.xs"/>
        <file name="ITarget.xs"/>
        <file name="ITarget2.xs"/>
        <file name="ITarget3.xs"/>
        <file name="ITargetFilter.xs"/>
        <file name="Library.xs"/>
        <file name="Manifest.xs"/>
        <file name="PackageContents.xs"/>
        <file name="Repository.xs"/>
        <file name="Script.xs"/>
        <file name="Utils.xs"/>
        <file name="_gen.xs"/>
        <file name="bld.js"/>
        <file name="package.xs"/>
    </package>
    <xdcRoot base="/db/ztree/library/trees/xdc/xdc-B06/src/">
        <file name="/packages/xdc/package.xdc"/>
        <xdcCorePkg version="16, 0, 2, 1449623904000"/>
    </xdcRoot>
</references>
<orphans>
</orphans>
</release>
