<?xml version="1.0" encoding="US-ASCII"?>
<!--  This file conforms to the DTD xdc/bld/build.dtd -->
<package name="xdc.tools.xgconf.configprovider" version="1, 0, 0" producerId="/db/ztree/library/trees/xdcconfig/xdcconfig-n21/src/packages/">
    <units>
        <module name="ConfigProvider"/>
        <module name="Main"/>
        <module name="Contrib"/>
    </units>
    <sources>
    </sources>
    <configscripts>
    </configscripts>
    <makefiles>
        <srcFile name="package.mak" src="package.bld"/>
        <srcFile name="package/package.xdc.dep" src="package.xdc"/>
        <srcFile name="package/package.cfg.dep" src="package.xdc"/>
        <srcFile name="package/rel/xdc_tools_xgconf_configprovider.tar.dep" src="package/rel/xdc_tools_xgconf_configprovider.xdc.inc"/>
    </makefiles>
    <targets>
    </targets>
    <libraries>
    </libraries>
    <configurations>
    </configurations>
    <executables>
    </executables>
    <tests>
    </tests>
    <releases relDir="package/rel/">
    <release name="xdc_tools_xgconf_configprovider"
        pname="../../../..//../../exports/xdc_tools_xgconf_configprovider.tar"
        label="default"
    >
        <file name="package/package.bld.xml"/>
        <file name="package/build.cfg"/>
        <file name="package/package.xdc.inc"/>
        <file name="java"/>
        <file name="package/package.cfg.xdc.inc"/>
    </release>
    </releases>
    <repositories>
    </repositories>
</package>
