<?xml version="1.0" encoding="UTF-8"?>
<!--  This file conforms to the DTD xdc/bld/build.dtd -->
<package name="xdc.runtime.knl" version="1, 0, 0" producerId="/db/ztree/library/trees/xdc/xdc-B06/src/packages">
    <units>
        <interface name="ISemaphore"/>
        <interface name="ISync"/>
        <interface name="IGateThreadSupport"/>
        <interface name="IGateProcessSupport"/>
        <interface name="ISemThreadSupport"/>
        <interface name="ISemProcessSupport"/>
        <interface name="IThreadSupport"/>
        <interface name="ICacheSupport"/>
        <module name="GateH"/>
        <module name="Semaphore"/>
        <module name="Thread"/>
        <module name="Sync"/>
        <module name="GateThread"/>
        <module name="GateProcess"/>
        <module name="SemThread"/>
        <module name="SemProcess"/>
        <module name="SyncGeneric"/>
        <module name="SyncNull"/>
        <module name="SyncSemThread"/>
        <module name="Cache"/>
        <module name="CacheSupportNull"/>
        <module name="GateThreadSupportNull"/>
        <module name="GateProcessSupportNull"/>
    </units>
    <sources>
        <srcFile name="build.xs"/>
        <srcFile name="Cache.xml"/>
        <srcFile name="CacheSupportNull.xml"/>
        <srcFile name="GateH.xml"/>
        <srcFile name="GateProcess.xml"/>
        <srcFile name="GateProcessSupportNull.xml"/>
        <srcFile name="GateThread.xml"/>
        <srcFile name="GateThreadSupportNull.xml"/>
        <srcFile name="SemProcess.xml"/>
        <srcFile name="SemThread.xml"/>
        <srcFile name="Semaphore.xml"/>
        <srcFile name="Sync.xml"/>
        <srcFile name="SyncGeneric.xml"/>
        <srcFile name="SyncNull.xml"/>
        <srcFile name="Thread.xml"/>
        <srcFile name="Cache.c"/>
        <srcFile name="GateThread.c"/>
        <srcFile name="Semaphore.c"/>
        <srcFile name="SyncNull.c"/>
        <srcFile name="GateH.c"/>
        <srcFile name="SemProcess.c"/>
        <srcFile name="Sync.c"/>
        <srcFile name="SyncSemThread.c"/>
        <srcFile name="GateProcess.c"/>
        <srcFile name="SemThread.c"/>
        <srcFile name="SyncGeneric.c"/>
        <srcFile name="Thread.c"/>
        <srcFile name="CacheSupportNull.c"/>
        <srcFile name="GateThreadSupportNull.c"/>
        <srcFile name="GateProcessSupportNull.c"/>
    </sources>
    <configscripts>
    </configscripts>
    <makefiles>
        <srcFile name="package.mak" src="package.bld"/>
        <srcFile name="package/package.xdc.dep" src="package.xdc"/>
        <srcFile name="package/package.cfg.dep" src="package.xdc"/>
        <srcFile name="package/rel/xdc_runtime_knl.zip.dep" src="package/rel/xdc_runtime_knl.xdc.inc"/>
    </makefiles>
    <targets>
    </targets>
    <libraries>
    </libraries>
    <configurations>
    </configurations>
    <executables>
    </executables>
    <tests>
    </tests>
    <releases relDir="package/rel/">
    <release name="xdc_runtime_knl"
        pname="xdc_runtime_knl.zip"
        label="default"
        relScript="xdc/release/filters/what.rel">
        <file name="package/package.bld.xml"/>
        <file name="package/build.cfg"/>
        <file name="package/package.xdc.inc"/>
        <file name="build.xs"/>
        <file name="Cache.xml"/>
        <file name="CacheSupportNull.xml"/>
        <file name="GateH.xml"/>
        <file name="GateProcess.xml"/>
        <file name="GateProcessSupportNull.xml"/>
        <file name="GateThread.xml"/>
        <file name="GateThreadSupportNull.xml"/>
        <file name="SemProcess.xml"/>
        <file name="SemThread.xml"/>
        <file name="Semaphore.xml"/>
        <file name="Sync.xml"/>
        <file name="SyncGeneric.xml"/>
        <file name="SyncNull.xml"/>
        <file name="Thread.xml"/>
        <file name="Cache.c"/>
        <file name="GateThread.c"/>
        <file name="Semaphore.c"/>
        <file name="SyncNull.c"/>
        <file name="GateH.c"/>
        <file name="SemProcess.c"/>
        <file name="Sync.c"/>
        <file name="SyncSemThread.c"/>
        <file name="GateProcess.c"/>
        <file name="SemThread.c"/>
        <file name="SyncGeneric.c"/>
        <file name="Thread.c"/>
        <file name="CacheSupportNull.c"/>
        <file name="GateThreadSupportNull.c"/>
        <file name="GateProcessSupportNull.c"/>
        <file name="package/package.cfg.xdc.inc"/>
    </release>
    </releases>
    <repositories>
    </repositories>
</package>
