<?xml version="1.0" encoding="UTF-8"?>
<!--  This file conforms to the DTD xdc/bld/release.dtd -->
<release name="xdc_bld" label="default" date="1449624907828" buildCount="1" producerId="/db/ztree/library/trees/xdc/xdc-B06/src/packages">
<package name="xdc.bld"
    version="1, 0, 2"/>
<imports>
    <package name="xdc.services.global"
        version=""/>
    <package name="xdc.services.intern.cmd"
        version=""/>
</imports>
<references>
    <package name="xdc"
        version="1, 1, 1, 1449623855000"
        providerId="/db/ztree/library/trees/xdc/xdc-B06/src/packages">
        <file name="IPackage.xdc"/>
        <file name="IPackage.xs"/>
        <file name="Warnings.xs"/>
        <file name="om2.xs"/>
        <file name="package.xs"/>
        <file name="template.xs"/>
        <file name="utils.js"/>
        <file name="xdc.tci"/>
        <file name="xmlgen.xs"/>
        <file name="xmlgen2.xs"/>
    </package>
    <package name="xdc.services.global"
        version="1, 0, 0, 1449623983000"
        providerId="/db/ztree/library/trees/xdc/xdc-B06/src/packages">
        <file name="Clock.xs"/>
        <file name="Trace.xs"/>
        <file name="java/package.jar"/>
    </package>
    <package name="xdc.shelf"
        version="1, 0, 0, 1449624108000"
        providerId="/db/ztree/library/trees/xdc/xdc-B06/src/packages">
        <file name="java/antlr.jar"/>
        <file name="java/ecj.jar"/>
        <file name="java/js.jar"/>
        <file name="java/tar.jar"/>
    </package>
    <package name="xdc.services.spec"
        version="1, 0, 0, 1449624075000"
        providerId="/db/ztree/library/trees/xdc/xdc-B06/src/packages">
        <file name="java/package.jar"/>
    </package>
    <package name="xdc.services.intern.cmd"
        version="1, 0, 0, 1449624040000"
        providerId="/db/ztree/library/trees/xdc/xdc-B06/src/packages">
        <file name="java/package.jar"/>
    </package>
    <package name="xdc.services.intern.gen"
        version="1, 0, 0, 1449624044000"
        providerId="/db/ztree/library/trees/xdc/xdc-B06/src/packages">
        <file name="java/package.jar"/>
    </package>
    <package name="xdc.services.intern.xsr"
        version="1, 0, 0, 1449624049000"
        providerId="/db/ztree/library/trees/xdc/xdc-B06/src/packages">
        <file name="java/package.jar"/>
    </package>
    <xdcRoot base="/db/ztree/library/trees/xdc/xdc-B06/src/">
        <file name="/packages/xdc/package.xdc"/>
        <xdcCorePkg version="16, 0, 2, 1449623904000"/>
    </xdcRoot>
</references>
<orphans>
</orphans>
</release>
