<?xml version="1.0" encoding="UTF-8"?>
<!--  This file conforms to the DTD xdc/bld/build.dtd -->
<package name="xdc.bld" version="1, 0, 2" producerId="/db/ztree/library/trees/xdc/xdc-B06/src/packages">
    <units>
        <interface name="ITarget"/>
        <interface name="ITarget2"/>
        <interface name="ITarget3"/>
        <interface name="ITargetFilter"/>
        <module name="BuildEnvironment"/>
        <module name="PackageContents"/>
        <module name="Release"/>
        <module name="Library"/>
        <module name="Test"/>
        <module name="Object"/>
        <module name="Executable"/>
        <module name="Repository"/>
        <module name="Assembly"/>
        <module name="Configuration"/>
        <module name="Script"/>
        <module name="Manifest"/>
        <module name="Utils"/>
    </units>
    <sources>
    </sources>
    <configscripts>
    </configscripts>
    <makefiles>
        <srcFile name="package.mak" src="package.bld"/>
        <srcFile name="package/package.xdc.dep" src="package.xdc"/>
        <srcFile name="package/package.cfg.dep" src="package.xdc"/>
        <srcFile name="package/rel/xdc_bld.zip.dep" src="package/rel/xdc_bld.xdc.inc"/>
    </makefiles>
    <targets>
    </targets>
    <libraries>
    </libraries>
    <configurations>
    </configurations>
    <executables>
    </executables>
    <tests>
    </tests>
    <releases relDir="package/rel/">
    <release name="xdc_bld"
        pname="xdc_bld.zip"
        label="default"
        relScript="xdc/release/filters/what.rel">
        <file name="package/package.bld.xml"/>
        <file name="package/build.cfg"/>
        <file name="package/package.xdc.inc"/>
        <file name="xdc.mak"/>
        <file name="xdc_top.mak"/>
        <file name="xdc_rules.mak"/>
        <file name="xdc_java.mak"/>
        <file name="cfg.xdt"/>
        <file name="link"/>
        <file name="config.bld"/>
        <file name="build.dtd"/>
        <file name="release.dtd"/>
        <file name="bld.js"/>
        <file name="rcl.js"/>
        <file name="rcl.tci"/>
        <file name="rel.js"/>
        <file name="rel.tci"/>
        <file name="serial.js"/>
        <file name="stddefs.xdt"/>
        <file name="package/package.cfg.xdc.inc"/>
    </release>
    </releases>
    <repositories>
    </repositories>
</package>
