<?xml version="1.0" encoding="UTF-8"?>
<!--  This file conforms to the DTD xdc/bld/build.dtd -->
<package name="xdc" version="1, 1, 1" producerId="/db/ztree/library/trees/xdc/xdc-B06/src/packages">
    <units>
        <interface name="IPackage"/>
        <module name="Warnings"/>
    </units>
    <sources>
        <srcFile name="IPackage.xs"/>
        <srcFile name="om2.xs"/>
        <srcFile name="program.h"/>
        <srcFile name="std.h"/>
        <srcFile name="xdc.tci"/>
        <srcFile name="xs.js"/>
        <srcFile name="utils.js"/>
        <srcFile name="template.xs"/>
        <srcFile name="xmlgen.xs"/>
        <srcFile name="xmlgen2.xs"/>
    </sources>
    <configscripts>
    </configscripts>
    <makefiles>
        <srcFile name="package.mak" src="package.bld"/>
        <srcFile name="package/package.xdc.dep" src="package.xdc"/>
        <srcFile name="package/package.cfg.dep" src="package.xdc"/>
        <srcFile name="package/rel/xdc.zip.dep" src="package/rel/xdc.xdc.inc"/>
    </makefiles>
    <targets>
    </targets>
    <libraries>
    </libraries>
    <configurations>
    </configurations>
    <executables>
    </executables>
    <tests>
    </tests>
    <releases relDir="package/rel/">
    <release name="xdc"
        pname="xdc.zip"
        label="default"
        relScript="xdc/release/filters/what.rel">
        <file name="package/package.bld.xml"/>
        <file name="package/build.cfg"/>
        <file name="package/package.xdc.inc"/>
        <file name="IPackage.xs"/>
        <file name="om2.xs"/>
        <file name="program.h"/>
        <file name="std.h"/>
        <file name="xdc.tci"/>
        <file name="xs.js"/>
        <file name="utils.js"/>
        <file name="template.xs"/>
        <file name="xmlgen.xs"/>
        <file name="xmlgen2.xs"/>
        <file name="package/package.cfg.xdc.inc"/>
    </release>
    </releases>
    <repositories>
    </repositories>
</package>
