<?xml version="1.0" encoding="UTF-8"?>
<!--  This file conforms to the DTD xdc/bld/release.dtd -->
<release name="xdc_tools_echo" label="default" date="1449538399661" buildCount="294" producerId="/db/ztree/library/trees/xdctools/xdctools-g03x/src/">
<package name="xdc.tools.echo"
    version="1, 0, 0"/>
<imports>
    <package name="xdc.tools"
        version=""/>
</imports>
<references>
    <package name="xdc"
        version="1, 1, 1, 1421781441622"
        providerId="xdccore">
        <file name="IPackage.xdc"/>
        <file name="IPackage.xs"/>
        <file name="Warnings.xs"/>
        <file name="om2.xs"/>
        <file name="package.xs"/>
        <file name="template.xs"/>
        <file name="utils.js"/>
        <file name="xdc.tci"/>
        <file name="xmlgen.xs"/>
        <file name="xmlgen2.xs"/>
    </package>
    <package name="xdc.services.global"
        version="1, 0, 0, 1421781516769"
        providerId="xdccore">
        <file name="Clock.xs"/>
        <file name="Trace.xs"/>
        <file name="java/package.jar"/>
    </package>
    <package name="xdc.bld"
        version="1, 0, 2, 1421781447800"
        providerId="xdccore">
        <file name="BuildEnvironment.xs"/>
        <file name="Configuration.xs"/>
        <file name="Executable.xs"/>
        <file name="ITarget.xs"/>
        <file name="ITarget2.xs"/>
        <file name="ITarget3.xs"/>
        <file name="ITargetFilter.xs"/>
        <file name="Library.xs"/>
        <file name="Manifest.xs"/>
        <file name="PackageContents.xs"/>
        <file name="Repository.xs"/>
        <file name="Script.xs"/>
        <file name="Utils.xs"/>
        <file name="_gen.xs"/>
        <file name="bld.js"/>
        <file name="package.xs"/>
    </package>
    <package name="gnu.targets"
        version="1, 0, 1, 1421812642212"
        providerId="xdccore">
        <file name="ITarget.xs"/>
        <file name="Linux86.xs"/>
        <file name="Mingw.xs"/>
        <file name="_utils.xs"/>
        <file name="package.xs"/>
    </package>
    <package name="microsoft.targets"
        version="1, 0, 2, 0, 1421812648328"
        providerId="xdccore">
        <file name="ITarget.xs"/>
        <file name="Win32.xs"/>
        <file name="_utils.xs"/>
        <file name="package.xs"/>
    </package>
    <package name="xdc.tools"
        version="1, 0, 0, 1421781582430"
        providerId="xdccore">
        <file name="Cmdr.xdc"/>
        <file name="ICmd.xdc"/>
    </package>
    <package name="xdc.services.spec"
        version="1, 0, 0, 1421781553992"
        providerId="xdccore">
        <file name="java/package.jar"/>
    </package>
    <package name="xdc.services.intern.xsr"
        version="1, 0, 0, 1421781537374"
        providerId="xdccore">
        <file name="java/package.jar"/>
    </package>
    <package name="xdc.services.intern.gen"
        version="1, 0, 0, 1421781534670"
        providerId="xdccore">
        <file name="java/package.jar"/>
    </package>
    <package name="xdc.shelf"
        version="1, 0, 0, 1421781573814"
        providerId="xdccore">
        <file name="java/antlr.jar"/>
        <file name="java/ecj.jar"/>
        <file name="java/js.jar"/>
        <file name="java/tar.jar"/>
    </package>
    <package name="xdc.services.intern.cmd"
        version="1, 0, 0, 1421781532068"
        providerId="xdccore">
        <file name="java/package.jar"/>
    </package>
    <xdcRoot base="/db/rtree/library/trees/xdcprod/xdcprod-t67/product/Linux/xdctools_3_30_06_67/">
        <file name="/packages/xdc/package.xdc"/>
        <xdcCorePkg version="16, 0, 2, 1421781464646" producerId="/db/ztree/library/trees/xdc/xdc-A65/src/packages" buildCount="1" releaseName="xdc_corevers" label="default" date="1421781464646"/>
    </xdcRoot>
</references>
<orphans>
    <file name="/db/ztree/library/trees/xdctools/xdctools-g03x/src/config.bld"/>
</orphans>
</release>
