<?xml version="1.0" encoding="UTF-8"?>
<!--  This file conforms to the DTD xdc/bld/build.dtd -->
<package name="xdc.cfg" version="1, 0, 2" producerId="/db/ztree/library/trees/xdc/xdc-B06/src/packages">
    <units>
        <module name="Program"/>
        <module name="Main"/>
        <module name="SourceDir"/>
    </units>
    <sources>
        <srcFile name="Program.xdt"/>
        <srcFile name="Program.xml"/>
        <srcFile name="global.h"/>
        <srcFile name="cfginc.js"/>
        <srcFile name="configuration.dtd"/>
        <srcFile name="Program.cpp"/>
        <srcFile name="makefile.xdt"/>
        <srcFile name="Legacy.xs"/>
        <srcFile name="Graph.xs"/>
    </sources>
    <configscripts>
    </configscripts>
    <makefiles>
        <srcFile name="package.mak" src="package.bld"/>
        <srcFile name="package/package.xdc.dep" src="package.xdc"/>
        <srcFile name="package/package.cfg.dep" src="package.xdc"/>
        <srcFile name="package/rel/xdc_cfg.zip.dep" src="package/rel/xdc_cfg.xdc.inc"/>
    </makefiles>
    <targets>
    </targets>
    <libraries>
    </libraries>
    <configurations>
    </configurations>
    <executables>
    </executables>
    <tests>
    </tests>
    <releases relDir="package/rel/">
    <release name="xdc_cfg"
        pname="xdc_cfg.zip"
        label="default"
        relScript="xdc/release/filters/what.rel">
        <file name="package/package.bld.xml"/>
        <file name="package/build.cfg"/>
        <file name="package/package.xdc.inc"/>
        <file name="Program.xdt"/>
        <file name="Program.xml"/>
        <file name="global.h"/>
        <file name="cfginc.js"/>
        <file name="configuration.dtd"/>
        <file name="Program.cpp"/>
        <file name="makefile.xdt"/>
        <file name="Legacy.xs"/>
        <file name="Graph.xs"/>
        <file name="package/package.cfg.xdc.inc"/>
    </release>
    </releases>
    <repositories>
    </repositories>
</package>
